"","Mean","SD","Naive SE","Time-series SE","2.5%","25%","50%","75%","97.5%"
"mu[1]",5.03495771264538,0.227123505299448,0.0018544556552532,0.00185440714135233,4.58761026039145,4.88472356278975,5.03762861024229,5.18360093601596,5.48347265973326
"mu[2]",4.66222882440538,0.226205470033027,0.00184695992869116,0.0018470808014167,4.21491176245884,4.51359468339584,4.66336075336595,4.80835636262995,5.10412654157883
"mu[3]",5.52642440239136,0.226205572321317,0.00184696076387155,0.00185789024920265,5.08263085502499,5.37702898114602,5.52544614666216,5.67355069268529,5.97949734686932
"sig",0.712951466769801,0.0926972734763074,0.000756870068547274,0.000893223325627653,0.559909878115003,0.646759248151946,0.703520608884096,0.766915913660239,0.923785709888829
