"","Mean","SD","Naive SE","Time-series SE","2.5%","25%","50%","75%","97.5%"
"mu[1]",5.03117813380239,0.260890833997851,0.00213016473954629,0.00211096640733478,4.51593039896136,4.86340106460422,5.03065932992978,5.19721214598571,5.55287042496131
"mu[2]",4.66239297435844,0.299313455359896,0.00244388412927019,0.00244392869292617,4.05871999025808,4.47250879728026,4.66412696785999,4.85455804399314,5.26313879230615
"mu[3]",5.52872754303265,0.23557026872531,0.00192342318982442,0.00191356257065425,5.05437420335426,5.37969958666829,5.52703746452913,5.67886581963868,5.99911284739501
"sig[1]",0.804150462791505,0.167696662966715,0.00136923751945312,0.00146719999817505,0.552971522417941,0.685688054870729,0.779865889488749,0.891137892976875,1.20168042340551
"sig[2]",0.92562335849422,0.193644553933769,0.00158110116202197,0.0017235823708099,0.641229402619321,0.789430602349209,0.895478494041571,1.02528156781485,1.39264070687831
"sig[3]",0.736329396690618,0.15160625431969,0.00123785988299286,0.00133247245581075,0.510095722479676,0.628867351177965,0.712536435174992,0.817893560947631,1.09266061451617
