"","term","df","sumsq","meansq","statistic","p.value"
"1","group",2,3.76634,1.88317,4.84608786238014,0.0159099583256229
"2","Residuals",27,10.49209,0.388595925925926,NA,NA
