"","Model","Median_Sigma","Lower_95","Upper_95"
"1","Model 1 (Pooled)",1.23825743975118,1.09962580273622,1.40754885360787
"2","Model 2 (Trt1)",1.47334065631011,1.2152371896854,1.8420574444192
"3","Robust (Trt1)",1.09089705473721,0.822544733596846,1.47499313109546
"4","Model 2 (Trt2)",1.29344148741177,1.06772122782981,1.61252099643589
"5","Robust (Trt2)",0.90266117315776,0.676856121207026,1.2276286711064
