"","Mean","SD","Naive SE","Time-series SE","2.5%","25%","50%","75%","97.5%"
"mu[1]",5.01981684496332,0.117511142199381,0.000479737229133533,0.000618969844437715,4.790072559709,4.94124361426674,5.01917091458762,5.09867685760926,5.25139859598664
"mu[2]",4.3949211949969,0.202887594391928,0.000828285135668304,0.00118249811425752,4.00530182175961,4.25833683878037,4.39126416329667,4.5288301144211,4.80366474133078
"mu[3]",5.5854792473635,0.164461249222647,0.000671410238426971,0.000917732893192459,5.26340359045971,5.4757560170399,5.58512032350034,5.6949298039448,5.90995344641487
"sig[1]",0.650181522028513,0.0962867186750034,0.00039308888293445,0.000540019879012771,0.48634612163959,0.58192217167155,0.641592788440447,0.709286721218741,0.862606703111373
"sig[2]",1.10629265328938,0.166778777563412,0.000680871508259156,0.000961694545214144,0.822544733596846,0.988900882259053,1.09089705473721,1.20770037829648,1.47499313109546
"sig[3]",0.915833837891668,0.141128308498516,0.000576153906805759,0.000796851883836215,0.676856121207026,0.816320113011638,0.90266117315776,1.00159326366939,1.2276286711064
